ID,Post Title,Full Text,URL,Type,Pain_Category,Pain_Score,Classifier_Reason,PreRank_Score,PreRank_Signals
o5qd0yr,Growing too fast and drowning in cash flow issues,Net 30 will wreck you if you’re fronting materials and labor. Growth on paper doesn’t mean healthy cash flow. We adjusted payment terms where we could and moved all spend onto controlled cards through Ramp so we had real visibility and fewer midmonth surprises,https://www.reddit.com/r/smallbusiness/comments/1r5ibeh/growing_too_fast_and_drowning_in_cash_flow_issues/o5qd0yr/,Comment,cash_flow_finance,10.4,"APPROVED (own_context, business_impact, resolved_but_high_pain)",15.0,"first_person_strong,business_impact,topic_overlap"
o5kualt,Growing too fast and drowning in cash flow issues,"We had this problem before the business closed. Commercial Flooring Contractor and we subbed out the labor to installers. We were on Net 30 from most suppliers, but most of our contracts with GCs gave them something closer to Net 90. So we were constantly in a fight to get material and labor paid for, cover our overhead for an entire quarter per project at the minimum, and constantly balancing 5 - 15 active jobs every week. A single mistake or miss calculation will lead to ruin very fast unless you start passing the buck down the line or compensating for the restriction in cash flow.",https://www.reddit.com/r/smallbusiness/comments/1r5ibeh/growing_too_fast_and_drowning_in_cash_flow_issues/o5kualt/,Comment,cash_flow_finance,7.6,"APPROVED (own_context, business_impact, resolved_but_high_pain)",13.5,"first_person_strong,pain_language,business_impact,topic_overlap"
o5mhol7,Growing too fast and drowning in cash flow issues,"I’m 100% b2b as well.  All of my clients pay a deposit and/or prepay in full if it’s a smaller job.  I don’t ever get any pushback on this.  Now, if you’re working with huge Fortune 500 companies or the government sector, that’s not going to happen, but the “normal” business world is perfectly OK with paying a deposit.  

Ask your vendors for net 30 terms.  Or half down, half net 30.  Anything will help.  Between that and the deposit your cash flow issues should be gone.",https://www.reddit.com/r/smallbusiness/comments/1r5ibeh/growing_too_fast_and_drowning_in_cash_flow_issues/o5mhol7/,Comment,cash_flow_finance,7.6,"APPROVED (own_context, business_impact, resolved_but_high_pain)",13.5,"first_person_strong,pain_language,business_impact,topic_overlap"
o5l3692,Growing too fast and drowning in cash flow issues,"Are you a general contractor?  This sounds similar to my situation.  I've blown up rapidly and went from being able to do a couple jobs a week to now building additions and big remodels for high end customers.  It's great to have the work but the cash flow definitely didn't keep up with the scaling.  

I got a line of credit through my bank and opened charge accounts with all my suppliers.  I also try to do business with suppliers that don't charge until materials are delivered.  The big box stores want you to pay upfront for materials for jobs you might not get paid for for another 3 or 4 months.  I try to avoid that whenever possible.  I also get down payments and progress payments on a schedule that's right in my contract, which really helps.  I also raised my prices.  I'm booked a year out, so it's silly to be bidding things like I need work.",https://www.reddit.com/r/smallbusiness/comments/1r5ibeh/growing_too_fast_and_drowning_in_cash_flow_issues/o5l3692/,Comment,cash_flow_finance,7.6,"APPROVED (own_context, business_impact, resolved_but_high_pain)",12.0,"first_person_strong,business_impact,topic_overlap"
o5j5jva,Growing too fast and drowning in cash flow issues,"More businesses die from indigestion than starvation.

You definitely have a common problem. I still have to cut offense side actions in my business at some point every year due to catching up cash flow/inventory/manufacturing/ unexpected hurdle with my customer acquisition velocity. 

I manufacture and sell commercial truck parts. B2b

I did switch all new customers to ach/zelle/wire/credit card/cash on first orders and that helped.

Each industry has its own flow, so you have to really get creative on how you address it. Not sure what you sell.",https://www.reddit.com/r/smallbusiness/comments/1r5ibeh/growing_too_fast_and_drowning_in_cash_flow_issues/o5j5jva/,Comment,cash_flow_finance,6.0,"APPROVED (own_context, business_impact, unresolved)",10.5,"first_person_strong,pain_language,business_impact,topic_overlap"
o5ltyur,Growing too fast and drowning in cash flow issues,"I'm sure this has already been said in the previous 137 comments, but you need a line of credit. Ideally from a credit union or proper bank, with monthly payments terms and APR. NOT AN ONLINE LENDER or PRIVATE EQUITY FIRM. They are hella predatory and will try to give you weekly payment terms  and monthly interest roll over.

Not a credit card. An LOC you can take cash advances from without being penalized. 

I've been in your situation a time or three as an arborist contractor needing to scale up for public works contracts. Try net 90 or 120. That gets scary.

It's also important to acquire it before you accrue lots of debt on credit cards. 

I was able to get an unsecured LOC for $30k pretty easily after two years in business with my local credit union with a credit score of around 730, at 14% APR",https://www.reddit.com/r/smallbusiness/comments/1r5ibeh/growing_too_fast_and_drowning_in_cash_flow_issues/o5ltyur/,Comment,cash_flow_finance,7.6,"APPROVED (own_context, business_impact, resolved_but_high_pain)",10.0,"first_person_strong,business_impact"
o5m9r0f,Customer did not pay import duties or accept parcel and wants me to reship the returned parcel for free,To be fair “just giving that person a refund” would involve me being out of pocket three times the cost of the product they decided they no longer want. I’m a very small business. I cannot afford to eat those losses. It was a $40 item. She was offered the option to reship it. This exercise was not free. It cost me time and money and I am not responsible for local carrier notifications. This is not a viable business model for me. If I have to refund because someone doesn’t take responsibility for their parcel then I have to cancel international shipping for everyone. It’s simply not reasonable or fair,https://www.reddit.com/r/smallbusiness/comments/1r5agme/customer_did_not_pay_import_duties_or_accept/o5m9r0f/,Comment,customer_management,8.2,"APPROVED (own_context, first_person_pain, business_impact, unresolved)",12.1,"first_person_strong,pain_language,business_impact,topic_overlap"
o5gjias,Help!,"I’m going to say this as directly as necessary: if you can’t afford good accounting (not just the technical aspects of doing the books, the actual “how do I account for where my money is going”), you can’t afford to be in business. 

My CPA/bookkeeper was the first thing I spent money on, and it’s the last expense I would cut if I needed to save money. 

Knowing every facet of my cash flow, P&L and financial situation is the only way I can make good business decisions. If I don’t understand the money, I don’t understand the business. I really can’t understate how fundamental this is; making business decisions without understanding the financials is like driving a race car with a blindfold on.",https://www.reddit.com/r/smallbusiness/comments/1r53jn7/help/o5gjias/,Comment,cash_flow_finance,7.3,"APPROVED (own_context, business_impact, unresolved, help_request)",9.0,"first_person_strong,business_impact,help_request"
o1hmgi1,Married couple running a business together and I feel like I’m disappearing. How do you survive this?,"We went through something quite similar, except that my husband is much more involved in the business and at home. But we were in a highly stressful industry, and at the stage that we either expanded or shut down (not by choice, but post-covid market dictated that we grow or we close). Plus, just like you, we have a toddler.

We chose family. We'd scale down if we could, but scale down is not an option, we can't survive with our profit margin. So we sold everything and moved on.

From your comments it seems like your business is going through a growing pain. And as important as he thinks the technical part is, without properly handling the admin side of business, the company would just run itself to the ground. He has a choice to either:
- dip in with house work (like he's supposed to do anyway, it's his house too, not just yours!) so you can focus on training the new girl,
- or you raise your price, scale everything down, less client and less admin work. Probably still the same money.

If he doesn't like either, then the only logical way to keep the marriage is to dissolve the company, and you both work somewhere else separately. But make sure he understands it's HIS choice, you're supporting whatever decision he makes.

Personally, I'd definitely prefer to increase my rate. I'm still pissed off because I couldn't do it in our business, the price sensitivity is real pain in ours.

And couple therapy if you can. I don't, can't, and refuse to understand a partner/parent that just do their day work and drop all the household chores to the other. It's unacceptable in my opinion, so I think you will need professional help to get him to understand that.",https://www.reddit.com/r/smallbusiness/comments/1qle6zz/married_couple_running_a_business_together_and_i/o1hmgi1/,Comment,cash_flow_finance,6.6,"APPROVED (own_context, first_person_pain, unresolved)",7.5,"first_person_strong,pain_language,topic_overlap"
o3d37i6,I didn’t expect the loneliest part of running a small business to be making decisions alone,"We had the same fear (dog walking company), however there does come a time where you do need a day. Even if its just to tidy up, get groceries, nap and watch a good show 

Sure it takes planning ahead , but they key is communicating with customers a month or so in advance that youre going to take a small vacation and usually theyre happy for you

Just pick a low season and maybe only do 2 days. Your relationship will be stronger for it. Which in the end will only help you more

Work on hiring a part time person who can help cover you even if its not full coverage thats something. Check your state laws on contractor vs employee classification. Look for a virtual assistant (upwork is great), a friend of mine who runs popular beauty service said having her VA for 3 years now changed everything. Her and I discussed it for years before we found her one and its been incredible.

FOR BAD REVIEWS: I love this moment! What a fabulous way to show your customer service. ""Im so sorry you weren't able to get a hold of us x day. As stated on our Google business profile, website and our customer emails, we were with family at the time. We would still love to connect and see if we can help! 

Also as offense, every week ask like 1 or 2 customers to leave a review based on their experience. We did a free dog walk and were super careful to ask they leave their *honest* experience.",https://www.reddit.com/r/smallbusiness/comments/1qsc1ax/i_didnt_expect_the_loneliest_part_of_running_a/o3d37i6/,Comment,staffing,6.0,"APPROVED (own_context, business_impact, unresolved)",6.0,"first_person_strong,topic_overlap"
o5t3r42,Opening a storefront retail business soon. Kinda nervous. Question about taxes,"honestly the tax situation gets way more complex once you add employees, even 1099s. 25% might work for solo operations but with multiple contractors you're looking at potential worker classification issues, quarterly filings, and way more moving parts. I'd honestly budget closer to 30-35% initially just to be safe, especially since retail has such unpredictable cash flow in the first year. My whole workflow changed once I leaned into AI tools for running ops - I use Gamma for investor decks, Lovable for internal dashboards, and Brew for all our customer email marketing and automations, but the one thing I still pay a real person for is tax planning because getting that wrong early can sink you.",https://www.reddit.com/r/smallbusiness/comments/1r6vlvb/opening_a_storefront_retail_business_soon_kinda/o5t3r42/,Comment,cash_flow_finance,6.0,"APPROVED (own_context, business_impact, unresolved)",8.5,"first_person_strong,pain_language,business_impact"
o5igh0x,What was the first small change in your business that actually increased revenue?,"I had been in business for about 5 years (early 1980's).  As we all do, I met a man, a client, whom I connected with.  Smart, affable, willing to talk to me.  Semi retired.

I asked him for some classes he might recommend I could take to educate me about business because mine was growing so fast that it was outstripping my cash flows and ability to buy equipment and such.  Plus, I hated the product I was selling (it was one that could have been better but, my prices kept me from improving).

He said ""wh*y don't you just raise your prices?*""

I said ""*because that's what everyone else charges""*

He said *""so?""*

I said ""*clients will leave""*

He said *""some will, some won't""*

We talked a bit more and, I decided to test his theory and raised my prices 20%.  No one left.

6 months later, I raised them 20% more.  No one left.

I started marketing my business at this point using 10% of my sales revenue.

6 months later I raised prices 20% more.  20% of my clients left me.

But a funny thing happened; I picked up 30% new clients.

Was this due to marketing?  Probably. So I raised prices again by 30% and increased my marketing budgets to 15% of sales.

I picked up another 20% new clients (and I didn't lose any of the new ones).

I asked several of them why they hired my firm.

Many, thankfully had heard good things about our firm. Several said ""*I liked your marketing*"".  Several said ""*I  hired the cheap guy for years, he always fucked shit up*"" and the last one, which floored me was ""*you were the most expensive.  I've gotten your bids now for 2 years...they're always the most expensive...I wanted to see why"".*

It works for some but, you have to produce the goods.",https://www.reddit.com/r/smallbusiness/comments/1r57q31/what_was_the_first_small_change_in_your_business/o5igh0x/,Comment,cash_flow_finance,6.0,"APPROVED (own_context, business_impact, unresolved)",9.0,"first_person_strong,business_impact,topic_overlap"
